FEATURE,WEIGHT0,WEIGHT1,WEIGHT2,WEIGHT3,WEIGHT4,WEIGHT5,WEIGHT6,WEIGHT7,WEIGHT8,WEIGHT9
DURATION_BF_BASELINE,0.025410793721675873,0.024659018963575363,0.026216741651296616,0.024980174377560616,0.022473882883787155,0.021949157118797302,0.024050086736679077,0.02260752022266388,0.024792639538645744,0.024300189688801765
SMOKING,0.005028284154832363,0.0050130970776081085,0.0048020766116678715,0.004802185110747814,0.004608901683241129,0.004452161490917206,0.0045768567360937595,0.005404188297688961,0.0053029959090054035,0.005366649478673935
MIN_BMI,0.012795187532901764,0.013458585366606712,0.011723988689482212,0.012335889041423798,0.012773241847753525,0.012688660062849522,0.012823834083974361,0.01387074962258339,0.01241898164153099,0.014167954213917255
MAX_BMI,0.009921882301568985,0.009981031529605389,0.009301319718360901,0.009075689129531384,0.00970064103603363,0.01019544992595911,0.009758204221725464,0.00855663139373064,0.009699496440589428,0.010003434494137764
MEDIAN_BMI,0.004848702345043421,0.004877608269453049,0.005061648320406675,0.004758128430694342,0.004652795847505331,0.005075464025139809,0.00496545759961009,0.005088943988084793,0.005348320584744215,0.005753048229962587
MEAN_BMI,0.0030528868082910776,0.003161412663757801,0.003720527747645974,0.0037007664795964956,0.0037310156039893627,0.003695294028148055,0.0031519862823188305,0.003422652604058385,0.003671304788440466,0.0033487891778349876
STD_BMI,0.012346233241260052,0.011787553317844868,0.011118321679532528,0.012159661389887333,0.012641559354960918,0.010818752460181713,0.012478411197662354,0.013510470278561115,0.011829759925603867,0.011076764203608036
MAX_SYSTOLIC,0.011403430253267288,0.010884292423725128,0.012286393903195858,0.011410697363317013,0.010754103772342205,0.011353012174367905,0.01165803149342537,0.010403062216937542,0.01164846122264862,0.011591962538659573
MEDIAN_SYSTOLIC,0.008081170730292797,0.007813205942511559,0.007614103611558676,0.007005022373050451,0.006364673841744661,0.007835804484784603,0.007383419666439295,0.007295654155313969,0.007569233421236277,0.009960501454770565
MEAN_SYSTOLIC,0.007138367742300034,0.007993857376277447,0.00757084134966135,0.007533703465014696,0.007549820002168417,0.008414585143327713,0.0077720205299556255,0.00896194577217102,0.007387934718281031,0.007599175907671452
STD_SYSTOLIC,0.008440334349870682,0.009755216538906097,0.009128271602094173,0.009648427367210388,0.00873496662825346,0.008993366733193398,0.008290155790746212,0.008511596359312534,0.008793001994490623,0.007899708114564419
MEDIAN_DIASTOLIC,0.005701715126633644,0.0066841295920312405,0.006662340369075537,0.006388227920979261,0.006628039758652449,0.006678242236375809,0.006563039496541023,0.006034676916897297,0.006118841469287872,0.007470376323908567
MEAN_DIASTOLIC,0.008081170730292797,0.00817450974136591,0.009301319718360901,0.008723235689103603,0.007198665756732225,0.00801389105618,0.007297063712030649,0.007655933499336243,0.007478584069758654,0.008114374242722988
STD_DIASTOLIC,0.011044266633689404,0.00903260800987482,0.008609128184616566,0.007137192878872156,0.008603283204138279,0.008770758286118507,0.010017271153628826,0.008241387084126472,0.009744822047650814,0.00807144120335579
"('%SAT', 'MAX_VALUE')",0.00354673620313406,0.0034775540698319674,0.0029418126214295626,0.002511234488338232,0.003643227042630315,0.004095988813787699,0.003497409401461482,0.00292726862244308,0.003263382241129875,0.002790657803416252
"('125DHy', 'MEDIAN_VALUE')",0.004489539191126823,0.003161412663757801,0.004066623281687498,0.004405674524605274,0.004389430396258831,0.004452161490917206,0.003972365986555815,0.004413420334458351,0.004396500997245312,0.0039069210179150105
"('125DHy', 'MIN_VALUE')",0.0025590374134480953,0.002754945307970047,0.0025957170873880386,0.0019384968327358365,0.0019313492812216282,0.002493210369721055,0.002849740907549858,0.002431884640827775,0.0023568870965391397,0.0023183925077319145
"('25HyD3', 'MIN_VALUE')",0.004265062510967255,0.0037485321518033743,0.0030715984757989645,0.004009163938462734,0.004126064479351044,0.004318596795201302,0.004101899918168783,0.005719432607293129,0.0047137741930782795,0.003692254889756441
"('AFPTum', 'MAX_VALUE')",0.00354673620313406,0.00379369524307549,0.0031148605048656464,0.0034804828464984894,0.003379861358553171,0.003027469851076603,0.0032815197482705116,0.00292726862244308,0.003807279048487544,0.003563455305993557
"('AN-GAP', 'MEAN_VALUE')",0.009383137337863445,0.008626140654087067,0.009085009805858135,0.009736540727317333,0.009305591695010662,0.010061885230243206,0.009153713472187519,0.009412294253706932,0.009518197737634182,0.008243173360824585
"('Alb', 'MAX_VALUE')",0.0045344349928200245,0.004787282086908817,0.005494267679750919,0.005066525656729937,0.005398999433964491,0.0048973774537444115,0.004145077895373106,0.005179013591259718,0.003354031592607498,0.004164520185440779
"('Alb', 'MEAN_VALUE')",0.007273053750395775,0.007497064303606749,0.008738914504647255,0.007533703465014696,0.008032657206058502,0.007657717913389206,0.007081174291670322,0.007791038136929274,0.006844037678092718,0.007599175907671452
"('AlbCnc', 'STD_VALUE')",0.0027835143264383078,0.0030259236227720976,0.0033744322136044502,0.0025552911683917046,0.003116495441645384,0.003695294028148055,0.003065630327910185,0.0036478270776569843,0.003807279048487544,0.002833590842783451
"('AlbCre', 'MEDIAN_VALUE')",0.0030977821443229914,0.0032517388463020325,0.0028985508251935244,0.003216142300516367,0.0032920727971941233,0.003161034779623151,0.002849740907549858,0.003422652604058385,0.003082083072513342,0.0033917224500328302
"('AlkP', 'MIN_VALUE')",0.00866481103003025,0.008626140654087067,0.008955223485827446,0.007005022373050451,0.00873496662825346,0.008548149839043617,0.008981001563370228,0.00914208497852087,0.008611703291535378,0.00918770395219326
"('AlkP', 'STD_VALUE')",0.008036275394260883,0.009077770635485649,0.008089984767138958,0.008591065183281898,0.00842770654708147,0.007078936789184809,0.008376510813832283,0.008106281980872154,0.008430403657257557,0.008028507232666016
"('BASOA', 'MEAN_VALUE')",0.0031875730492174625,0.002077499870210886,0.0026389791164547205,0.0034804828464984894,0.0023263979237526655,0.0021815591026097536,0.0025043177884072065,0.002612024312838912,0.0023568870965391397,0.0030482569709420204
"('BASOAB', 'MAX_VALUE')",0.0017958157695829868,0.0017613584641367197,0.0014276443980634212,0.001674156286753714,0.0017996664391830564,0.0014246916398406029,0.0018134715501219034,0.002612024312838912,0.0018129900563508272,0.0023183925077319145
"('BNP', 'MAX_VALUE')",0.0034569452982395887,0.0038840214256197214,0.0033744322136044502,0.004714071750640869,0.0039065927267074585,0.003828858956694603,0.0038428325206041336,0.00292726862244308,0.0038979286327958107,0.0033487891778349876
"('BNP', 'MEAN_VALUE')",0.002065188018605113,0.002529130084440112,0.0022496215533465147,0.0024671778082847595,0.002501975279301405,0.002760340226814151,0.002849740907549858,0.002431884640827775,0.0024475366808474064,0.0024042590521275997
"('BUN', 'MEDIAN_VALUE')",0.0055670286528766155,0.005284075625240803,0.005753839388489723,0.0056833201088011265,0.006320779677480459,0.0056987665593624115,0.005483592394739389,0.005539292935281992,0.006300140637904406,0.007169843651354313
"('BUN', 'MIN_VALUE')",0.0030528868082910776,0.004109836649149656,0.003893575631082058,0.0036126531194895506,0.004608901683241129,0.004095988813787699,0.004274611361324787,0.004323350731283426,0.003127407981082797,0.004035720601677895
"('C3', 'MEAN_VALUE')",0.003950794693082571,0.0027097822166979313,0.003807051805779338,0.002599347848445177,0.0030726012773811817,0.003428164403885603,0.0040155439637601376,0.004053140990436077,0.003535330528393388,0.0030482569709420204
"('C4Quan', 'MEDIAN_VALUE')",0.0029630959033966064,0.002574293175712228,0.0029418126214295626,0.0023350075352936983,0.002501975279301405,0.002226080745458603,0.002979274606332183,0.002792163984850049,0.0031727326568216085,0.0028765241149812937
"('CKMBRe', 'MIN_VALUE')",0.003995690029114485,0.0038840214256197214,0.003634003922343254,0.003965107258409262,0.003950487356632948,0.0035172076895833015,0.0040155439637601376,0.00427831569686532,0.003988577984273434,0.0033487891778349876
"('CO2', 'MAX_VALUE')",0.0035916315391659737,0.0034323909785598516,0.003850313602015376,0.003348312573507428,0.004433324560523033,0.0032055561896413565,0.0032383420038968325,0.0036928618792444468,0.003988577984273434,0.004336252808570862
"('CO2', 'MEDIAN_VALUE')",0.005207865498960018,0.0043356516398489475,0.004629028961062431,0.004361617844551802,0.005179527681320906,0.004140510223805904,0.003540587145835161,0.004413420334458351,0.003807279048487544,0.003949854057282209
"('CO2', 'MIN_VALUE')",0.004175271838903427,0.004425977822393179,0.004715552553534508,0.004053220618516207,0.004608901683241129,0.004852856043726206,0.005181347019970417,0.004773699678480625,0.0046231248416006565,0.004465052392333746
"('CO2', 'STD_VALUE')",0.006644518114626408,0.0066841295920312405,0.006143196951597929,0.0060798306949436665,0.00596962496638298,0.006678242236375809,0.006001727189868689,0.006124746520072222,0.007886506617069244,0.005795981269329786
"('CPK', 'MAX_VALUE')",0.003142677480354905,0.0023033148609101772,0.0031148605048656464,0.0026874614413827658,0.003467649919912219,0.0033391211181879044,0.0038860102649778128,0.003242512932047248,0.0029461088124662638,0.0033917224500328302
"('CPK', 'MEAN_VALUE')",0.002738618990406394,0.0026194562669843435,0.0025091932620853186,0.0024671778082847595,0.0017996664391830564,0.0028493832796812057,0.0024179620668292046,0.0027020941488444805,0.002628835616633296,0.002833590842783451
"('CPK', 'MIN_VALUE')",0.002738618990406394,0.0032517388463020325,0.0027255029417574406,0.0034804828464984894,0.002940918318927288,0.0027158185839653015,0.003540587145835161,0.0033325827680528164,0.002991433721035719,0.002575991675257683
"('CPKTot', 'MAX_VALUE')",0.002469246741384268,0.002980760531499982,0.0026822409126907587,0.0024671778082847595,0.0032481784000992775,0.0030719914939254522,0.002245250390842557,0.0029723034240305424,0.0026741602923721075,0.003692254889756441
"('CRP', 'MEAN_VALUE')",0.004399748519062996,0.003613043110817671,0.003720527747645974,0.004053220618516207,0.0039065927267074585,0.0031165131367743015,0.004360967315733433,0.004413420334458351,0.004441825672984123,0.004336252808570862
"('CRP', 'MEDIAN_VALUE')",0.002289665164425969,0.0023936410434544086,0.002292883349582553,0.0027755750343203545,0.0027653409633785486,0.002804861869663,0.0024611398112028837,0.0022067101672291756,0.00217558816075325,0.0029194573871791363
"('Ca', 'MIN_VALUE')",0.005073179490864277,0.005916357971727848,0.005537529941648245,0.0052868095226585865,0.005530681926757097,0.006277547683566809,0.006778929382562637,0.005629362538456917,0.004668449517339468,0.005967714358121157
"('Ca', 'STD_VALUE')",0.005162970162928104,0.006187336053699255,0.005494267679750919,0.0055952067486941814,0.005091738887131214,0.0057432884350419044,0.005699481815099716,0.005584327969700098,0.005982867442071438,0.007470376323908567
"('CaIo', 'MEAN_VALUE')",0.002154978923499584,0.0023033148609101772,0.0028120267670601606,0.0023350075352936983,0.0027214467991143465,0.0031165131367743015,0.0027202072087675333,0.0026570591144263744,0.0037619543727487326,0.0022754594683647156
"('Chol', 'MAX_VALUE')",0.005432342644780874,0.005961521062999964,0.004888600669801235,0.005242752842605114,0.00500395055860281,0.004941899329423904,0.005742659792304039,0.006349921226501465,0.004895073361694813,0.00528078293427825
"('Chol', 'STD_VALUE')",0.003950794693082571,0.003613043110817671,0.00328790838830173,0.003568596439436078,0.003643227042630315,0.004051466938108206,0.0033246977254748344,0.003557757241651416,0.004849748220294714,0.0033058561384677887
"('Cl', 'MEAN_VALUE')",0.006509832106530666,0.00758739048615098,0.007094960194081068,0.006784738972783089,0.00728645408526063,0.008325542323291302,0.0074697756208479404,0.006394956260919571,0.008657027967274189,0.006268246565014124
"('Cl', 'STD_VALUE')",0.005522133316844702,0.0050130970776081085,0.0061864592134952545,0.005507092922925949,0.005047844722867012,0.005565201863646507,0.005267702974379063,0.004188246093690395,0.006028192117810249,0.0059247808530926704
"('Cort-S', 'MAX_VALUE')",0.0035916315391659737,0.0042001623660326,0.003893575631082058,0.004229447338730097,0.003467649919912219,0.0033836427610367537,0.003670120844617486,0.0033325827680528164,0.0038979286327958107,0.003949854057282209
"('Creat', 'MAX_VALUE')",0.005971087142825127,0.0060066841542720795,0.006965174339711666,0.005639263428747654,0.006803616881370544,0.005520680453628302,0.007512953598052263,0.006620130501687527,0.005620269104838371,0.006354113109409809
"('Creat', 'MEAN_VALUE')",0.0036365268751978874,0.004425977822393179,0.003677265951409936,0.003921050112694502,0.004521113354712725,0.003695294028148055,0.00431778933852911,0.004008106421679258,0.0036259801127016544,0.003563455305993557
"('Creat', 'MEASURE_COUNTS')",0.0029182005673646927,0.0023936410434544086,0.0028120267670601606,0.002290950855240226,0.002501975279301405,0.0020479944068938494,0.0033678757026791573,0.0030173384584486485,0.002855459460988641,0.0030911900103092194
"('Creat', 'MEDIAN_VALUE')",0.00354673620313406,0.0035227169282734394,0.0031581225339323282,0.002907745074480772,0.003511544317007065,0.003027469851076603,0.004101899918168783,0.00292726862244308,0.0031727326568216085,0.0024042590521275997
"('Creat', 'MIN_VALUE')",0.003816108452156186,0.0037033690605312586,0.0041964091360569,0.004449731204658747,0.0034237555228173733,0.00418503163382411,0.003799654543399811,0.004593560006469488,0.004577800165861845,0.003949854057282209
"('Creat', 'STD_VALUE')",0.004489539191126823,0.0037033690605312586,0.004629028961062431,0.004273504484444857,0.004521113354712725,0.003962423652410507,0.0049222796224057674,0.003963071387261152,0.003988577984273434,0.004035720601677895
"('D25OHT', 'MEASURE_COUNTS')",0.0013917571632191539,0.0011290760012343526,0.0010382868349552155,0.0010573618346825242,0.0013607233995571733,0.0011575620155781507,0.0006044905167073011,0.0014861517120152712,0.001314417808316648,0.0013738622656092048
"('DirLDL', 'MEASURE_COUNTS')",0.000269372365437448,0.000316141260555014,0.00030283365049399436,0.00017622698214836419,0.0004389430396258831,0.00040069452370516956,0.00038860103813931346,0.00022517451725434512,0.00027194852009415627,0.0003863987512886524
"('EOSIA', 'MIN_VALUE')",0.0017958157695829868,0.001896847621537745,0.001860263873822987,0.0021147236693650484,0.0022386093623936176,0.0016918213805183768,0.0024611398112028837,0.001981535693630576,0.0028101345524191856,0.0021895929239690304
"('EOSIM', 'MAX_VALUE')",0.0039058993570506573,0.002890434581786394,0.003807051805779338,0.002907745074480772,0.00298481248319149,0.003561729332432151,0.0026338514871895313,0.0023418148048222065,0.003354031592607498,0.0024042590521275997
"('EOSIRE', 'MEAN_VALUE')",0.004130376037210226,0.004471140913665295,0.005061648320406675,0.0048902989365160465,0.004477218724787235,0.00400694552809,0.003670120844617486,0.004053140990436077,0.005529619753360748,0.004336252808570862
"('EoAbs', 'MEASURE_COUNTS')",0.0006734309135936201,0.0007226086454465985,0.0011680726893246174,0.0012335889041423798,0.0009217803599312901,0.0009794755605980754,0.0009930914966389537,0.000810628233011812,0.0007251960341818631,0.0008586639305576682
"('EoAbs', 'MEDIAN_VALUE')",0.0025141420774161816,0.002980760531499982,0.0029850746504962444,0.002379064215347171,0.0030726012773811817,0.0029384265653789043,0.002892918884754181,0.0025669895112514496,0.0027194852009415627,0.0036493216175585985
"('Eos', 'MEAN_VALUE')",0.004579330328851938,0.004425977822393179,0.004326194990426302,0.004317561164498329,0.0053551048040390015,0.0052980720065534115,0.004404145292937756,0.005179013591259718,0.004849748220294714,0.0049802507273852825
"('Estrdl', 'MEDIAN_VALUE')",0.002738618990406394,0.0032969017047435045,0.0021198356989771128,0.0027315181214362383,0.003028706880286336,0.002893904922530055,0.002892918884754181,0.0030173384584486485,0.003127407981082797,0.002661858219653368
"('FSH1', 'MIN_VALUE')",0.0037263177800923586,0.002890434581786394,0.003547480097040534,0.003524539526551962,0.004872267600148916,0.003828858956694603,0.0033246977254748344,0.004323350731283426,0.004079227801412344,0.0030911900103092194
"('FT4', 'MEDIAN_VALUE')",0.00565681979060173,0.007045433856546879,0.006013411097228527,0.005815490148961544,0.006101307924836874,0.00418503163382411,0.006692573428153992,0.006755235139280558,0.00557494442909956,0.006010647397488356
"('Ferrit', 'MEAN_VALUE')",0.0025590374134480953,0.0027097822166979313,0.0033744322136044502,0.0024231208954006433,0.0022825037594884634,0.002760340226814151,0.0027202072087675333,0.002747128950431943,0.0033087069168686867,0.0031770565547049046
"('GluBed', 'MEDIAN_VALUE')",0.004983388818800449,0.004380814731121063,0.004153147339820862,0.004053220618516207,0.0037749100010842085,0.004452161490917206,0.004835924133658409,0.004908804316073656,0.003988577984273434,0.0039069210179150105
"('GluBed', 'MIN_VALUE')",0.002873305231332779,0.004064673557877541,0.0031148605048656464,0.0023350075352936983,0.0038626985624432564,0.0036062507424503565,0.0038428325206041336,0.003422652604058385,0.003943253308534622,0.0033058561384677887
"('GluBed', 'STD_VALUE')",0.003322259057313204,0.004019510466605425,0.0029418126214295626,0.003260199213400483,0.0032920727971941233,0.003962423652410507,0.0032815197482705116,0.002792163984850049,0.003263382241129875,0.004293319769203663
"('Gluc', 'MAX_VALUE')",0.008485229685902596,0.00930358562618494,0.008695651777088642,0.009560314007103443,0.008471600711345673,0.008058412000536919,0.008506044745445251,0.00954739935696125,0.009110274724662304,0.008157307282090187
"('Gluc', 'MEAN_VALUE')",0.00866481103003025,0.010658477433025837,0.009647415019571781,0.009692483581602573,0.009393380954861641,0.008281020447611809,0.00863557867705822,0.009277190081775188,0.009382223710417747,0.008844238705933094
"('HDL-C', 'MEAN_VALUE')",0.0060608782805502415,0.0053292387165129185,0.006921912077814341,0.005947660654783249,0.006320779677480459,0.006054939702153206,0.006692573428153992,0.006394956260919571,0.006300140637904406,0.0067405118606984615
"('HDL-C', 'STD_VALUE')",0.0025141420774161816,0.0032517388463020325,0.0030715984757989645,0.0033923694863915443,0.003116495441645384,0.0030719914939254522,0.003972365986555815,0.0038279667496681213,0.002764809876680374,0.0030482569709420204
"('Hgb', 'MIN_VALUE')",0.006375146098434925,0.0060066841542720795,0.006143196951597929,0.0055952067486941814,0.006671933922916651,0.005609723739326,0.0053108809515833855,0.004593560006469488,0.00557494442909956,0.005066117271780968
"('Hgb', 'STD_VALUE')",0.006195564288645983,0.005690542981028557,0.005710577592253685,0.006916909012943506,0.005486787762492895,0.005876853130757809,0.006260794587433338,0.007025444880127907,0.005620269104838371,0.005066117271780968
"('HgbA1C', 'STD_VALUE')",0.002199874259531498,0.0021678258199244738,0.0016872161068022251,0.0022468939423561096,0.002414186717942357,0.002359645674005151,0.002677029464393854,0.002431884640827775,0.002492861356586218,0.0024471920914947987
"('IGAB', 'MIN_VALUE')",0.0008979078847914934,0.0008580977446399629,0.0006921912427060306,0.0005727377138100564,0.0009656746406108141,0.0010239972034469247,0.0004317789280321449,0.0005854537012055516,0.0007251960341818631,0.0007298643467947841
"('IGRE', 'MEAN_VALUE')",0.0025590374134480953,0.0023936410434544086,0.0023794074077159166,0.0027315181214362383,0.0022825037594884634,0.002226080745458603,0.0024179620668292046,0.002296780003234744,0.001994288992136717,0.0021466598846018314
"('IgG-Q', 'MAX_VALUE')",0.0018407111056149006,0.0023936410434544086,0.0031148605048656464,0.0030839722603559494,0.00298481248319149,0.0031165131367743015,0.003065630327910185,0.0026570591144263744,0.0033087069168686867,0.0026189249474555254
"('IgG-Q', 'MIN_VALUE')",0.00327736372128129,0.003387227887287736,0.0028120267670601606,0.003260199213400483,0.0021947151981294155,0.0032055561896413565,0.0027202072087675333,0.0028371987864375114,0.002855459460988641,0.002533058635890484
"('Iron', 'MEAN_VALUE')",0.0033671546261757612,0.0033420647960156202,0.0029850746504962444,0.003656709799543023,0.002940918318927288,0.0034726860467344522,0.0033246977254748344,0.003242512932047248,0.00321805733256042,0.0034775887615978718
"('Iron', 'MEDIAN_VALUE')",0.0013019663747400045,0.002529130084440112,0.001903525902889669,0.002379064215347171,0.0017996664391830564,0.0014692132826894522,0.0017702935729175806,0.001801396138034761,0.001767665264196694,0.0020178603008389473
"('K', 'MEASURE_COUNTS')",0.00193050189409405,0.001038749935105443,0.0013843824854120612,0.0011895321076735854,0.0018435607198625803,0.002003472764045,0.0015975820133462548,0.0015311866300180554,0.0010424692882224917,0.0014167954213917255
"('K', 'MEDIAN_VALUE')",0.005926191806793213,0.005961521062999964,0.004455980844795704,0.005727376788854599,0.006101307924836874,0.005164507310837507,0.0056131258606910706,0.005043908953666687,0.005756243597716093,0.004550918936729431
"('LA', 'MEDIAN_VALUE')",0.0026937236543744802,0.0023936410434544086,0.0028985508251935244,0.0021587805822491646,0.002545869443565607,0.0025377320125699043,0.0026338514871895313,0.0018464309396222234,0.0019489643163979053,0.0022754594683647156
"('LDH', 'MEASURE_COUNTS')",0.0015264434041455388,0.0018516845302656293,0.0012113346019759774,0.0013657590607181191,0.0014485119609162211,0.002092515816912055,0.0012953367549926043,0.0015311866300180554,0.0018129900563508272,0.0015455950051546097
"('LDL-C', 'MAX_VALUE')",0.004130376037210226,0.0034323909785598516,0.004282933194190264,0.004405674524605274,0.003643227042630315,0.0036507723852992058,0.003713298821821809,0.0037829317152500153,0.004441825672984123,0.004336252808570862
"('LDL-C', 'MEDIAN_VALUE')",0.004399748519062996,0.004742118995636702,0.004715552553534508,0.004714071750640869,0.004345535766333342,0.004363118205219507,0.00405872194096446,0.004233280662447214,0.0053029959090054035,0.005581315606832504
"('LDL-C', 'MIN_VALUE')",0.006195564288645983,0.006187336053699255,0.005840363446623087,0.006740681827068329,0.005486787762492895,0.006411112379282713,0.004835924133658409,0.005224048625677824,0.005982867442071438,0.005624248646199703
"('LYMPA', 'MIN_VALUE')",0.004085480701178312,0.0037485321518033743,0.0034609560389071703,0.003921050112694502,0.003511544317007065,0.00418503163382411,0.0031951640266925097,0.0033325827680528164,0.004985722713172436,0.004250386264175177
"('LYMPAB', 'MEDIAN_VALUE')",0.004579330328851938,0.0035227169282734394,0.004975124262273312,0.004714071750640869,0.004521113354712725,0.004496683366596699,0.005354058928787708,0.005719432607293129,0.005756243597716093,0.004035720601677895
"('LYMPAB', 'STD_VALUE')",0.0012121755862608552,0.0011742389760911465,0.0016872161068022251,0.0018503832397982478,0.0014485119609162211,0.0016918213805183768,0.0015112262917682528,0.0016662913840264082,0.0011784435482695699,0.0017173278611153364
"('LYMPM', 'MIN_VALUE')",0.00327736372128129,0.002935597440227866,0.0031581225339323282,0.0029958586674183607,0.003028706880286336,0.0036062507424503565,0.0033246977254748344,0.003602792276069522,0.0033993565011769533,0.003434655722230673
"('LYMPRE', 'MAX_VALUE')",0.0037263177800923586,0.0043356516398489475,0.003720527747645974,0.004141333978623152,0.0038188043981790543,0.0035172076895833015,0.0038428325206041336,0.004413420334458351,0.0048044235445559025,0.0040786536410450935
"('LYMPRE', 'MEAN_VALUE')",0.0040405853651463985,0.003567880019545555,0.003893575631082058,0.004317561164498329,0.00399438152089715,0.003294599475339055,0.00405872194096446,0.0035127224400639534,0.003852603957056999,0.0039069210179150105
"('LYMPRE', 'MIN_VALUE')",0.004983388818800449,0.004064673557877541,0.0043694572523236275,0.004097277298569679,0.004608901683241129,0.004541204776614904,0.004447322804480791,0.004593560006469488,0.0037619543727487326,0.005109050311148167
"('Lipase', 'MAX_VALUE')",0.0030977821443229914,0.0027097822166979313,0.0022496215533465147,0.0027755750343203545,0.0032920727971941233,0.0034726860467344522,0.002892918884754181,0.0031524430960416794,0.003127407981082797,0.0029623904265463352
"('Lipase', 'MEAN_VALUE')",0.0026488283183425665,0.0030710867140442133,0.002422669203951955,0.0027315181214362383,0.002063032239675522,0.002270602388307452,0.0024179620668292046,0.0020716055296361446,0.0024022117722779512,0.0023183925077319145
"('Lipase', 'MIN_VALUE')",0.0025590374134480953,0.002258152002468705,0.0027687649708241224,0.0024231208954006433,0.0030726012773811817,0.003161034779623151,0.002072538947686553,0.002747128950431943,0.0024475366808474064,0.0021895929239690304
"('Luc%', 'MAX_VALUE')",0.0017958157695829868,0.002348477952182293,0.0015141683397814631,0.0021587805822491646,0.0017557721585035324,0.0019144294783473015,0.0019861829932779074,0.0018914658576250076,0.001767665264196694,0.0018461274448782206
"('Luc%', 'MEAN_VALUE')",0.001661129528656602,0.002529130084440112,0.001817001961171627,0.002070666989311576,0.0018435607198625803,0.0025377320125699043,0.002245250390842557,0.0026570591144263744,0.0022209128364920616,0.0024901253636926413
"('Luc%', 'STD_VALUE')",0.0004489539423957467,0.000316141260555014,0.00021630975243169814,0.00017622698214836419,0.00021947151981294155,0.00022260808327700943,0.00038860103813931346,9.006980690173805e-05,0.0004985722480341792,0.0003863987512886524
"('LymAbs', 'MIN_VALUE')",0.005432342644780874,0.0050130970776081085,0.006662340369075537,0.005330866202712059,0.006101307924836874,0.0057432884350419044,0.005181347019970417,0.005043908953666687,0.005846892949193716,0.0050231837667524815
"('MBRat', 'MAX_VALUE')",0.002289665164425969,0.002122662728652358,0.001946787815541029,0.0022468939423561096,0.0017118777614086866,0.0021815591026097536,0.0019430051324889064,0.002116640331223607,0.0018583148485049605,0.001803194172680378
"('MBRat', 'MEASURE_COUNTS')",0.00035916315391659737,0.0006774455541744828,0.0003460956213530153,0.00044056744081899524,0.0005706259398721159,0.0005342593649402261,0.00047495681792497635,0.00027020942070521414,0.00031727325404062867,0.00030053238151594996
"('MBRat', 'MIN_VALUE')",0.0015713387401774526,0.0018516845302656293,0.0013843824854120612,0.0012335889041423798,0.0017996664391830564,0.0015582565683871508,0.0015544041525572538,0.0012609772384166718,0.0014957168605178595,0.0016743945889174938
"('MCH', 'MAX_VALUE')",0.005971087142825127,0.005600216798484325,0.005797101650387049,0.005418979562819004,0.0061890967190265656,0.006010417826473713,0.006390328053385019,0.006304886192083359,0.005756243597716093,0.0067405118606984615
"('MCH', 'MIN_VALUE')",0.006420041434466839,0.005690542981028557,0.005970149300992489,0.006564455106854439,0.004872267600148916,0.006233026273548603,0.005051813554018736,0.006034676916897297,0.0053029959090054035,0.004937317688018084
"('MCHC', 'MEAN_VALUE')",0.006420041434466839,0.006774455774575472,0.006835388485342264,0.007093135733157396,0.006364673841744661,0.006811806932091713,0.005397236440330744,0.006214816588908434,0.006798713002353907,0.0069551775231957436
"('MCHC', 'STD_VALUE')",0.007497530896216631,0.004471140913665295,0.0061864592134952545,0.006388227920979261,0.0057501536794006824,0.005921375006437302,0.005958549212664366,0.006034676916897297,0.005076372064650059,0.006568778771907091
"('MCV', 'MAX_VALUE')",0.0030528868082910776,0.003613043110817671,0.003634003922343254,0.003128028940409422,0.002458080882206559,0.0029384265653789043,0.0024611398112028837,0.003557757241651416,0.002991433721035719,0.0024471920914947987
"('MCV', 'MEAN_VALUE')",0.004983388818800449,0.00510342326015234,0.0042396713979542255,0.0052868095226585865,0.004828373435884714,0.005164507310837507,0.004792746156454086,0.005043908953666687,0.0040339031256735325,0.0058389147743582726
"('MCV', 'MIN_VALUE')",0.0036365268751978874,0.002890434581786394,0.003417694242671132,0.0029958586674183607,0.0030726012773811817,0.002893904922530055,0.003583765123039484,0.0032875477336347103,0.002855459460988641,0.0035205220337957144
"('MDMMab', 'MAX_VALUE')",0.002469246741384268,0.0016710323980078101,0.0025957170873880386,0.0023350075352936983,0.0028970239218324423,0.002893904922530055,0.0015975820133462548,0.00292726862244308,0.0024475366808474064,0.0020607933402061462
"('MDMMab', 'MEAN_VALUE')",0.00193050189409405,0.0017613584641367197,0.002076573669910431,0.001762269763275981,0.0017118777614086866,0.0021815591026097536,0.0019861829932779074,0.0022067101672291756,0.001767665264196694,0.0018461274448782206
"('MONOA', 'MAX_VALUE')",0.0025141420774161816,0.002529130084440112,0.0028552887961268425,0.002511234488338232,0.0021947151981294155,0.0036062507424503565,0.002245250390842557,0.0028371987864375114,0.0020849385764449835,0.0028765241149812937
"('MONORE', 'MIN_VALUE')",0.004175271838903427,0.005238912533968687,0.004326194990426302,0.003568596439436078,0.0046966904774308205,0.004407640080899,0.004533678758889437,0.0038730015512555838,0.003807279048487544,0.00459385197609663
"('MonAbs', 'MEAN_VALUE')",0.0035916315391659737,0.004154999740421772,0.005537529941648245,0.003568596439436078,0.0037749100010842085,0.004452161490917206,0.00496545759961009,0.005404188297688961,0.004441825672984123,0.0039069210179150105
"('MonAbs', 'STD_VALUE')",0.0011223847977817059,0.0013548911083489656,0.0008652390097267926,0.0011895321076735854,0.0012729347217828035,0.0010239972034469247,0.0012089810334146023,0.0009006980690173805,0.0011784435482695699,0.0011591962538659573
"('Myelo', 'MAX_VALUE')",0.0018856065580621362,0.0028001083992421627,0.0023361453786492348,0.0021147236693650484,0.0022386093623936176,0.002003472764045,0.0018566494109109044,0.0023868498392403126,0.0012690930161625147,0.002103726612403989
"('Myelo', 'MEAN_VALUE')",0.00193050189409405,0.001896847621537745,0.0022496215533465147,0.0022468939423561096,0.0019313492812216282,0.0026712969411164522,0.0015975820133462548,0.0016662913840264082,0.001994288992136717,0.0017173278611153364
"('NEUTAB', 'MEAN_VALUE')",0.005522133316844702,0.004425977822393179,0.005018386524170637,0.005066525656729937,0.004828373435884714,0.00458572618663311,0.004706390202045441,0.004773699678480625,0.004169877152889967,0.004035720601677895
"('NEUTAB', 'STD_VALUE')",0.0010325940093025565,0.0011742389760911465,0.0015574302524328232,0.0012776455841958523,0.0011412518797442317,0.0012911268277093768,0.0016839378513395786,0.0017563612200319767,0.001677015796303749,0.0018461274448782206
"('NTAuto', 'MAX_VALUE')",0.005926191806793213,0.005464727524667978,0.005883625242859125,0.004009163938462734,0.00570625951513648,0.0052980720065534115,0.005267702974379063,0.005539292935281992,0.005529619753360748,0.005581315606832504
"('NTAuto', 'MEAN_VALUE')",0.004848702345043421,0.004742118995636702,0.005018386524170637,0.005242752842605114,0.005135633517056704,0.004719291348010302,0.005397236440330744,0.00526908366009593,0.004759098868817091,0.00545251602306962
"('Na', 'MEAN_VALUE')",0.0077220075763762,0.007045433856546879,0.007441055495291948,0.008547008968889713,0.008603283204138279,0.007479631341993809,0.007987909950315952,0.007250619120895863,0.007569233421236277,0.008629572577774525
"('Na', 'STD_VALUE')",0.005162970162928104,0.005464727524667978,0.005277958232909441,0.004758128430694342,0.005223421845585108,0.005119985900819302,0.005397236440330744,0.004908804316073656,0.0052123465575277805,0.006096513941884041
"('Neut', 'MAX_VALUE')",0.0045344349928200245,0.0042001623660326,0.004066623281687498,0.004185390658676624,0.003643227042630315,0.004274074919521809,0.003626943100243807,0.004413420334458351,0.0043511763215065,0.004336252808570862
"('Neut', 'MEAN_VALUE')",0.004624225664883852,0.005238912533968687,0.0048020766116678715,0.004802185110747814,0.004565007518976927,0.004140510223805904,0.005008635576814413,0.004008106421679258,0.004985722713172436,0.0037781212013214827
"('Neut', 'STD_VALUE')",0.0012121755862608552,0.001445217290893197,0.001643954194150865,0.0017182130832225084,0.0011412518797442317,0.0017363430233672261,0.0017271157121285796,0.0017563612200319767,0.001677015796303749,0.0012879958376288414
"('NtAbs', 'MEDIAN_VALUE')",0.0045344349928200245,0.004425977822393179,0.003720527747645974,0.004317561164498329,0.004257747437804937,0.0036507723852992058,0.0041882554069161415,0.004368385300040245,0.0052123465575277805,0.00459385197609663
"('NtAbs', 'STD_VALUE')",0.0008081170963123441,0.0014000541996210814,0.0015574302524328232,0.0009251916198991239,0.0009656746406108141,0.0008904323331080377,0.000734024157281965,0.0010808376828208566,0.000951819762121886,0.0010303966701030731
"('PCV', 'MAX_VALUE')",0.0031875730492174625,0.002890434581786394,0.0034609560389071703,0.0030839722603559494,0.003379861358553171,0.002760340226814151,0.0030224525835365057,0.00292726862244308,0.0024475366808474064,0.003692254889756441
"('PCV', 'MEDIAN_VALUE')",0.003681422211229801,0.0034775540698319674,0.0029418126214295626,0.0033042558934539557,0.0032042840030044317,0.004318596795201302,0.003583765123039484,0.0031974781304597855,0.003580655436962843,0.0029623904265463352
"('POCA1C', 'MIN_VALUE')",0.0024243511725217104,0.002935597440227866,0.001773740048520267,0.0023350075352936983,0.0022825037594884634,0.002226080745458603,0.0018134715501219034,0.0022517452016472816,0.0019489643163979053,0.0016743945889174938
"('PSA', 'MAX_VALUE')",0.0010325940093025565,0.0015355433570221066,0.0015574302524328232,0.001453872537240386,0.0013607233995571733,0.0011130403727293015,0.00146804831456393,0.0012609772384166718,0.0017223405884578824,0.0015885282773524523
"('Pat-PT', 'MIN_VALUE')",0.0037263177800923586,0.002348477952182293,0.0035907418932765722,0.0037888800725340843,0.0028092353604733944,0.0036507723852992058,0.003626943100243807,0.003062373260036111,0.003444681176915765,0.0037351881619542837
"('Plt-Ct', 'MEASURE_COUNTS')",0.0020202926825731993,0.0016710323980078101,0.001946787815541029,0.0018503832397982478,0.0019313492812216282,0.0012911268277093768,0.0016407598741352558,0.0022517452016472816,0.0023568870965391397,0.0021466598846018314
"('Plt-Ct', 'MIN_VALUE')",0.010819789953529835,0.009529401548206806,0.009517629630863667,0.010793902911245823,0.009217803366482258,0.010329014621675014,0.010189983062446117,0.009052014909684658,0.009790146723389626,0.009574102237820625
"('QT3', 'MEAN_VALUE')",0.0032324683852493763,0.0028001083992421627,0.0033744322136044502,0.0030839722603559494,0.003116495441645384,0.002626775298267603,0.003626943100243807,0.0034676874056458473,0.0027194852009415627,0.0030482569709420204
"('QT3', 'MEDIAN_VALUE')",0.0018407111056149006,0.001896847621537745,0.001903525902889669,0.0017182130832225084,0.0023263979237526655,0.002493210369721055,0.002158894669264555,0.0016662913840264082,0.0019489643163979053,0.001803194172680378
"('RBC', 'MEAN_VALUE')",0.005342551972717047,0.004832445178180933,0.0051049101166427135,0.0048902989365160465,0.00570625951513648,0.0053425938822329044,0.005051813554018736,0.004188246093690395,0.0040339031256735325,0.0050231837667524815
"('RBC', 'MIN_VALUE')",0.005028284154832363,0.00465179281309247,0.006229721009731293,0.005330866202712059,0.006232990883290768,0.005921375006437302,0.005094991531223059,0.004683629609644413,0.00557494442909956,0.004851451143622398
"('RBCFol', 'MAX_VALUE')",0.00354673620313406,0.003387227887287736,0.0028552887961268425,0.0030839722603559494,0.0035993328783661127,0.0034726860467344522,0.003626943100243807,0.0027020941488444805,0.0029461088124662638,0.0028765241149812937
"('RBCFol', 'MIN_VALUE')",0.003681422211229801,0.0032517388463020325,0.0026389791164547205,0.0030839722603559494,0.0028092353604733944,0.003027469851076603,0.002979274606332183,0.00292726862244308,0.003535330528393388,0.002833590842783451
"('RDW', 'MAX_VALUE')",0.005118074826896191,0.00510342326015234,0.005580791737884283,0.004934355616569519,0.005091738887131214,0.004674769472330809,0.0063471500761806965,0.005584327969700098,0.0053936452604830265,0.0058389147743582726
"('RDW', 'MEAN_VALUE')",0.00444464385509491,0.006458314601331949,0.005710577592253685,0.006784738972783089,0.005794047843664885,0.006678242236375809,0.005656303837895393,0.005584327969700098,0.006164166145026684,0.006225313525646925
"('RDW', 'MIN_VALUE')",0.004085480701178312,0.004154999740421772,0.004499243106693029,0.0048902989365160465,0.004038275685161352,0.004363118205219507,0.0047495681792497635,0.00427831569686532,0.0038979286327958107,0.0040786536410450935
"('RDW-SD', 'MEAN_VALUE')",0.003322259057313204,0.0032969017047435045,0.0031148605048656464,0.0037888800725340843,0.003467649919912219,0.003294599475339055,0.0030224525835365057,0.0026570591144263744,0.0029461088124662638,0.003606388345360756
"('RDWSD', 'MEAN_VALUE')",0.005028284154832363,0.004154999740421772,0.0048020766116678715,0.005242752842605114,0.004960056394338608,0.006277547683566809,0.005440414417535067,0.005133979022502899,0.004895073361694813,0.005753048229962587
"('RDWSD', 'MIN_VALUE')",0.004624225664883852,0.0053292387165129185,0.004412719048559666,0.004581901710480452,0.003467649919912219,0.00498642073944211,0.0045768567360937595,0.004143211059272289,0.004985722713172436,0.005109050311148167
"('RetAbs', 'MEAN_VALUE')",0.0014366526156663895,0.0015355433570221066,0.0016006921650841832,0.0013657590607181191,0.0014485119609162211,0.0014246916398406029,0.0010794473346322775,0.001621256466023624,0.0007705207681283355,0.0014597286935895681
"('RetiCt', 'MAX_VALUE')",0.002154978923499584,0.002258152002468705,0.001773740048520267,0.002290950855240226,0.0027653409633785486,0.0017363430233672261,0.002158894669264555,0.002296780003234744,0.0015863663284108043,0.0016743945889174938
"('SGPT', 'MEDIAN_VALUE')",0.006015982944518328,0.007406738121062517,0.006143196951597929,0.006520398426800966,0.005398999433964491,0.0053425938822329044,0.0069084628485143185,0.005719432607293129,0.005665593780577183,0.005151983350515366
"('SU-Pro', 'MEDIAN_VALUE')",0.002469246741384268,0.0022129889111965895,0.002206359524279833,0.0026434047613292933,0.0026336582377552986,0.0032500778324902058,0.002763385185971856,0.0022067101672291756,0.001903639524243772,0.002533058635890484
"('SU-Pro', 'MIN_VALUE')",0.0022447695955634117,0.002258152002468705,0.0031581225339323282,0.0023350075352936983,0.0021069266367703676,0.002092515816912055,0.0028065629303455353,0.001801396138034761,0.002628835616633296,0.0018461274448782206
"('SUCrea', 'MAX_VALUE')",0.0026937236543744802,0.0032517388463020325,0.0035907418932765722,0.003348312573507428,0.003467649919912219,0.0036507723852992058,0.0025043177884072065,0.003737896913662553,0.003082083072513342,0.0030482569709420204
"('SUCrea', 'MEAN_VALUE')",0.0029182005673646927,0.0033420647960156202,0.0035907418932765722,0.002819631714373827,0.002545869443565607,0.0036062507424503565,0.0031951640266925097,0.002747128950431943,0.002764809876680374,0.0033487891778349876
"('SUCrea', 'STD_VALUE')",0.003412049962207675,0.003974347375333309,0.003547480097040534,0.0031720856204628944,0.003379861358553171,0.004051466938108206,0.002892918884754181,0.003377617569640279,0.0034900058526545763,0.003134123282507062
"('SedRat', 'MAX_VALUE')",0.0030977821443229914,0.002980760531499982,0.0028120267670601606,0.002907745074480772,0.003467649919912219,0.0025822536554187536,0.00293609662912786,0.0031524430960416794,0.0031727326568216085,0.0033058561384677887
"('SerFol', 'MEAN_VALUE')",0.0033671546261757612,0.0023033148609101772,0.0028552887961268425,0.002511234488338232,0.0030726012773811817,0.002270602388307452,0.0025906735099852085,0.003062373260036111,0.0024475366808474064,0.002790657803416252
"('TIBC', 'MEAN_VALUE')",0.0033671546261757612,0.0032065757550299168,0.0033744322136044502,0.0026434047613292933,0.003379861358553171,0.0028493832796812057,0.0024179620668292046,0.0037829317152500153,0.0029461088124662638,0.002533058635890484
"('TProSe', 'STD_VALUE')",0.0025590374134480953,0.0026646193582564592,0.0022496215533465147,0.0029958586674183607,0.0027653409633785486,0.0023151240311563015,0.0024179620668292046,0.002116640331223607,0.0024475366808474064,0.0021466598846018314
"('TProt', 'MIN_VALUE')",0.0047140163369476795,0.004561467096209526,0.004153147339820862,0.003656709799543023,0.0038626985624432564,0.00400694552809,0.003972365986555815,0.004638595040887594,0.0036259801127016544,0.0037781212013214827
"('TSH', 'MAX_VALUE')",0.009293346665799618,0.009213259443640709,0.009344581514596939,0.010309278033673763,0.009130015037953854,0.009750233963131905,0.009628670290112495,0.009097049944102764,0.009427548386156559,0.00923063699156046
"('TU-Pro', 'MAX_VALUE')",0.0026488283183425665,0.002529130084440112,0.0029850746504962444,0.0024671778082847595,0.0028970239218324423,0.002404167316854,0.0025043177884072065,0.002431884640827775,0.002764809876680374,0.002833590842783451
"('TU-Pro', 'MEDIAN_VALUE')",0.002199874259531498,0.002122662728652358,0.0015574302524328232,0.002202837262302637,0.0026336582377552986,0.0016472997376695275,0.0015975820133462548,0.0015311866300180554,0.0023568870965391397,0.0018890606006607413
"('TUCrea', 'MAX_VALUE')",0.0026937236543744802,0.0017613584641367197,0.002292883349582553,0.0022468939423561096,0.0028092353604733944,0.0018699078354984522,0.0027202072087675333,0.0022067101672291756,0.001903639524243772,0.0024471920914947987
"('TUCrea', 'MEAN_VALUE')",0.0017958157695829868,0.0016710323980078101,0.0014709063107147813,0.0011014186311513186,0.0014485119609162211,0.0011575620155781507,0.00146804831456393,0.0009006980690173805,0.0012237683404237032,0.0012879958376288414
"('TUCrea', 'MEDIAN_VALUE')",0.0009428032790310681,0.0009935868438333273,0.0007354531553573906,0.0008811348816379905,0.0005267316591925919,0.0012466051848605275,0.000690846296492964,0.0009457329288125038,0.0006798713002353907,0.0008157307165674865
"('TUCrea', 'MIN_VALUE')",0.0017509203171357512,0.0020323367789387703,0.002076573669910431,0.002290950855240226,0.0019313492812216282,0.0016472997376695275,0.002763385185971856,0.0016662913840264082,0.0014957168605178595,0.0024471920914947987
"('TestFr', 'MAX_VALUE')",0.0023794558364897966,0.0022129889111965895,0.002292883349582553,0.0017182130832225084,0.002019137842580676,0.0025377320125699043,0.0025906735099852085,0.0026570591144263744,0.0025835109408944845,0.002361325779929757
"('TotVl', 'MAX_VALUE')",0.003007991472259164,0.003567880019545555,0.0032013843301683664,0.0026434047613292933,0.002458080882206559,0.002760340226814151,0.002763385185971856,0.002612024312838912,0.0024475366808474064,0.002103726612403989
"('TotVl', 'MEDIAN_VALUE')",0.002199874259531498,0.0026646193582564592,0.0025091932620853186,0.0027755750343203545,0.002414186717942357,0.0029384265653789043,0.0025043177884072065,0.0023418148048222065,0.0022209128364920616,0.002575991675257683
"('Trigs', 'MAX_VALUE')",0.006644518114626408,0.0060066841542720795,0.006013411097228527,0.006608511786907911,0.006364673841744661,0.006722764112055302,0.007124352268874645,0.007070479448884726,0.006164166145026684,0.007470376323908567
"('Trigs', 'MIN_VALUE')",0.005881296470761299,0.007722879759967327,0.006878650281578302,0.007225306238979101,0.006671933922916651,0.006455634254962206,0.006476684007793665,0.006755235139280558,0.006662738509476185,0.006611712276935577
"('TstPBy', 'MEASURE_COUNTS')",0.0013468618271872401,0.001896847621537745,0.002292883349582553,0.001982553629204631,0.002063032239675522,0.0017363430233672261,0.0016407598741352558,0.002116640331223607,0.0013597426004707813,0.0015885282773524523
"('URBC', 'MEAN_VALUE')",0.002199874259531498,0.0020323367789387703,0.001946787815541029,0.0028636883944272995,0.0022386093623936176,0.0021370374597609043,0.0026338514871895313,0.002612024312838912,0.0025835109408944845,0.002704791259020567
"('USpGr', 'MEASURE_COUNTS')",0.001661129528656602,0.0015807063318789005,0.0014709063107147813,0.001674156286753714,0.0013168291188776493,0.0017808646662160754,0.0019430051324889064,0.0020716055296361446,0.0017223405884578824,0.0015885282773524523
"('UUrob', 'MEDIAN_VALUE')",0.001077489461749792,0.0007677716785110533,0.0005624053883366287,0.0003965107025578618,0.0006145202205516398,0.00040069452370516956,0.000690846296492964,0.000495383923407644,0.00031727325404062867,0.0004293319652788341
"('UWBC', 'MEASURE_COUNTS')",0.0004489539423957467,0.00040646735578775406,0.0005624053883366287,0.00044056744081899524,0.0006584145594388247,0.00040069452370516956,0.000345423148246482,0.0005404188414104283,0.0005438970401883125,0.0005151983350515366
"('UpH', 'MEAN_VALUE')",0.002873305231332779,0.0028001083992421627,0.0032013843301683664,0.002202837262302637,0.003116495441645384,0.0031165131367743015,0.0024179620668292046,0.0028822338208556175,0.0027194852009415627,0.003134123282507062
"('UpH', 'MEASURE_COUNTS')",0.0008530124905519187,0.0012194020673632622,0.0008219770970754325,0.0009692484163679183,0.0010534633183851838,0.0009794755605980754,0.0012089810334146023,0.0006755235372111201,0.0013597426004707813,0.0008157307165674865
"('UpH', 'MEDIAN_VALUE')",0.0009876986732706428,0.001038749935105443,0.0009950249223038554,0.0007930214051157236,0.0008778860792517662,0.0008459106902591884,0.0009067357750609517,0.0008556631510145962,0.0009971444960683584,0.0012450626818463206
"('UricA', 'MAX_VALUE')",0.0018856065580621362,0.0024388041347265244,0.0028120267670601606,0.0027315181214362383,0.0021069266367703676,0.0021370374597609043,0.0026338514871895313,0.002476919675245881,0.0017223405884578824,0.001931993872858584
"('VLDL', 'MAX_VALUE')",0.00193050189409405,0.00248396722599864,0.0026822409126907587,0.0024671778082847595,0.0021069266367703676,0.0017363430233672261,0.002158894669264555,0.0027020941488444805,0.002130263252183795,0.0024042590521275997
"('Vi-B12', 'MIN_VALUE')",0.005791505798697472,0.006548640783876181,0.005407744087278843,0.005903603974729776,0.005442893598228693,0.004808334633708,0.00496545759961009,0.004728664644062519,0.005710918921977282,0.005194916855543852
"('pO2-V', 'MEAN_VALUE')",0.0025141420774161816,0.002258152002468705,0.002292883349582553,0.0025552911683917046,0.003379861358553171,0.0031165131367743015,0.003065630327910185,0.0036928618792444468,0.003263382241129875,0.002575991675257683
phe_079,0.00022447697119787335,9.032608068082482e-05,0.00025957170873880386,0.00013217022933531553,0.00026336582959629595,4.452161374501884e-05,0.00021588946401607245,0.0001801396138034761,0.00018129900854546577,8.58663916005753e-05
phe_1010,0.0029182005673646927,0.0026646193582564592,0.002033311640843749,0.002819631714373827,0.0030726012773811817,0.002626775298267603,0.0027202072087675333,0.0030173384584486485,0.002764809876680374,0.0030482569709420204
phe_216.1,0.0008530124905519187,0.0007677716785110533,0.0006489292718470097,0.0007049079285934567,0.0007023088401183486,0.0010685187298804522,0.0008203799370676279,0.0009006980690173805,0.0007251960341818631,0.0006439979188144207
phe_250.1,0.000538744730874896,0.0008129347115755081,0.0006056673009879887,0.0005727377138100564,0.0005706259398721159,0.00040069452370516956,0.000690846296492964,0.0005404188414104283,0.0005438970401883125,0.0006869311328046024
phe_250.2,0.0014815479516983032,0.001490380265749991,0.001773740048520267,0.0015860428102314472,0.0016679834807291627,0.0015582565683871508,0.0015975820133462548,0.0015311866300180554,0.0012237683404237032,0.001631461433134973
phe_250.23,0.00035916315391659737,0.0005419564549811184,0.0006056673009879887,0.00035245396429672837,0.00048283732030540705,0.0007123458199203014,0.000172711574123241,0.000405314116505906,0.0006798713002353907,0.0006869311328046024
phe_250.42,0.0004489539423957467,0.0007677716785110533,0.00047588147572241724,0.0004846242081839591,0.0007023088401183486,0.00040069452370516956,0.00030224525835365057,0.0003602792276069522,0.0004532475140877068,0.0004293319652788341
phe_250.7,0.0007183263078331947,0.0005419564549811184,0.00030283365049399436,0.00044056744081899524,0.0007462031207978725,0.0006233025924302638,0.0005613125977106392,0.000495383923407644,0.0006345465080812573,0.0005581315490417182
phe_291.8,0.00017958157695829868,0.0001354891137452796,0.00012978585436940193,4.4056745537091047e-05,0.0,8.904322749003768e-05,0.000172711574123241,4.5034903450869024e-05,0.00013597426004707813,8.58663916005753e-05
phe_292.3,0.0008530124905519187,0.0006774455541744828,0.0006489292718470097,0.0007049079285934567,0.0007900974596850574,0.0006233025924302638,0.0008635578560642898,0.0007205584552139044,0.0008158455602824688,0.0007727975025773048
phe_335,0.0012570710387080908,0.0017161954892799258,0.0011248107766732574,0.0012335889041423798,0.001009568921290338,0.0012911268277093768,0.001381692592985928,0.0016662913840264082,0.001314417808316648,0.0013738622656092048
phe_340,0.0011223847977817059,0.0010839129099622369,0.0011680726893246174,0.0010133051546290517,0.0007900974596850574,0.0009349539177492261,0.0010362694738432765,0.0010358027648180723,0.0013597426004707813,0.0007727975025773048
phe_345.3,0.0013917571632191539,0.0013097281334921718,0.0012545966310426593,0.0012776455841958523,0.0014485119609162211,0.0014692132826894522,0.0016839378513395786,0.001306012156419456,0.001677015796303749,0.001931993872858584
phe_350.3,0.001077489461749792,0.0012194020673632622,0.0007354531553573906,0.0009251916198991239,0.0012729347217828035,0.0010239972034469247,0.0017702935729175806,0.0009457329288125038,0.001541041536256671,0.0008157307165674865
phe_374.6,0.0006285355193540454,0.000632282521110028,0.0006489292718470097,0.0007489646668545902,0.0006145202205516398,0.0008904323331080377,0.0008203799370676279,0.0009457329288125038,0.000951819762121886,0.0006010647630318999
phe_395.1,0.0012121755862608552,0.0019420107128098607,0.001817001961171627,0.001762269763275981,0.0019313492812216282,0.0014246916398406029,0.0015112262917682528,0.0017113263020291924,0.0017223405884578824,0.001931993872858584
phe_395.2,0.0020202926825731993,0.001490380265749991,0.001773740048520267,0.0016300996067002416,0.0021508208010345697,0.0016472997376695275,0.00146804831456393,0.0017563612200319767,0.0014050672762095928,0.001631461433134973
phe_401.1,0.003412049962207675,0.0037033690605312586,0.004455980844795704,0.004493787884712219,0.0046966904774308205,0.003695294028148055,0.0040155439637601376,0.0036478270776569843,0.003807279048487544,0.003949854057282209
phe_416,0.0010325940093025565,0.0004967934219166636,0.0007787151262164116,0.0006608511903323233,0.0010973575990647078,0.0006678242352791131,0.0007772020762786269,0.000810628233011812,0.0009971444960683584,0.0008586639305576682
phe_418,0.004220167174935341,0.004245325457304716,0.004629028961062431,0.004714071750640869,0.004038275685161352,0.004541204776614904,0.004533678758889437,0.0038730015512555838,0.004759098868817091,0.0041215866804122925
phe_425.1,0.0007183263078331947,0.0008580977446399629,0.0007787151262164116,0.0010133051546290517,0.001009568921290338,0.0010239972034469247,0.0011658030562102795,0.0009006980690173805,0.0009971444960683584,0.0009445303003303707
phe_426.91,0.00017958157695829868,0.00036130432272329926,4.326195266912691e-05,4.4056745537091047e-05,0.0003072601102758199,0.00022260808327700943,0.0002590673684608191,9.006980690173805e-05,9.064950427273288e-05,0.00030053238151594996
phe_427.8,0.00022447697119787335,0.000632282521110028,0.0004326195048633963,0.00044056744081899524,0.00048283732030540705,0.0003561729099601507,0.0002590673684608191,0.000495383923407644,0.00031727325404062867,0.0005151983350515366
phe_427.9,0.002199874259531498,0.0019420107128098607,0.0022496215533465147,0.0026434047613292933,0.0022386093623936176,0.0019144294783473015,0.0017271157121285796,0.0018464309396222234,0.0019489643163979053,0.0017173278611153364
phe_428.1,0.0014815479516983032,0.001445217290893197,0.0010382868349552155,0.0014979293337091804,0.0019313492812216282,0.0016472997376695275,0.0016839378513395786,0.0007655933150090277,0.001767665264196694,0.0017173278611153364
phe_443.9,0.0005836401251144707,0.00045163038885220885,0.0004326195048633963,0.0005727377138100564,0.0006145202205516398,0.0006233025924302638,0.0005613125977106392,0.0006304886192083359,0.0005892217741347849,0.0003863987512886524
phe_464,0.0013917571632191539,0.0008129347115755081,0.0012978585436940193,0.0011895321076735854,0.0016240892000496387,0.0015137349255383015,0.0012521588942036033,0.0012609772384166718,0.0012690930161625147,0.0012021295260637999
phe_465,0.0019753973465412855,0.0015355433570221066,0.002033311640843749,0.0016300996067002416,0.0017557721585035324,0.0023151240311563015,0.0015975820133462548,0.0022067101672291756,0.001767665264196694,0.0020607933402061462
phe_496,0.0006285355193540454,0.0007226086454465985,0.0006489292718470097,0.0007489646668545902,0.0006145202205516398,0.0005342593649402261,0.0004317789280321449,0.000405314116505906,0.0007705207681283355,0.0008586639305576682
phe_512.7,0.0017509203171357512,0.002077499870210886,0.0010382868349552155,0.0018503832397982478,0.0021069266367703676,0.0016918213805183768,0.0015544041525572538,0.0012609772384166718,0.001677015796303749,0.0020178603008389473
phe_585.3,0.0009876986732706428,0.0005419564549811184,0.0003893575631082058,0.000837078143376857,0.0007900974596850574,0.0012466051848605275,0.0005181347369216383,0.0006755235372111201,0.0008611702942289412,0.0011162630980834365
phe_599.2,4.489539423957467e-05,0.00018065216136164963,8.652390533825383e-05,4.4056745537091047e-05,8.778860501479357e-05,8.904322749003768e-05,4.317789353081025e-05,9.006980690173805e-05,9.064950427273288e-05,4.293319580028765e-05
phe_610.1,0.0006734309135936201,0.0005419564549811184,0.0006489292718470097,0.0005286809173412621,0.0005706259398721159,0.0010685187298804522,0.0006044905167073011,0.000495383923407644,0.0007251960341818631,0.0005151983350515366
phe_687.4,0.0008530124905519187,0.0007677716785110533,0.0011248107766732574,0.0011895321076735854,0.0006584145594388247,0.0009349539177492261,0.0010794473346322775,0.000990767846815288,0.0007705207681283355,0.0006010647630318999
phe_695.42,0.0006734309135936201,0.000632282521110028,0.0005191434174776077,0.0005286809173412621,0.0005706259398721159,0.0006233025924302638,0.0005181347369216383,0.0006755235372111201,0.0006345465080812573,0.0006869311328046024
phe_745,0.00193050189409405,0.0020323367789387703,0.0025524550583213568,0.0025552911683917046,0.0021947151981294155,0.0025377320125699043,0.002677029464393854,0.0022067101672291756,0.0023115624208003283,0.0024901253636926413
phe_783,0.0006285355193540454,0.0007226086454465985,0.0005624053883366287,0.000837078143376857,0.0005706259398721159,0.0007568674627691507,0.0006476683774963021,0.0009006980690173805,0.0004985722480341792,0.0010733299423009157
phe_788,0.0007632217020727694,0.0007677716785110533,0.0006056673009879887,0.0005286809173412621,0.0008339917403645813,0.0005787810077890754,0.00047495681792497635,0.000990767846815288,0.0008158455602824688,0.000901597086340189
phe_789,0.0007632217020727694,0.0005871194880455732,0.0009517629514448345,0.0007489646668545902,0.0007462031207978725,0.0008904323331080377,0.000734024157281965,0.0009457329288125038,0.001314417808316648,0.0004293319652788341
phe_798,0.002289665164425969,0.002122662728652358,0.0025524550583213568,0.002202837262302637,0.0022386093623936176,0.002092515816912055,0.0026338514871895313,0.002431884640827775,0.0020849385764449835,0.0024042590521275997
med_10154,0.00040405854815617204,0.000632282521110028,0.00030283365049399436,0.00044056744081899524,0.00017557721002958715,0.00013356484123505652,0.000345423148246482,0.000405314116505906,0.0004079227801412344,0.0003434655664023012
med_1022341,0.0015264434041455388,0.001490380265749991,0.001860263873822987,0.001982553629204631,0.0018435607198625803,0.002003472764045,0.00202936097048223,0.0019365007756277919,0.0019489643163979053,0.0024042590521275997
med_10579,0.0012121755862608552,0.0011290760012343526,0.0015574302524328232,0.0011014186311513186,0.0012290404411032796,0.0012466051848605275,0.0010794473346322775,0.0010808376828208566,0.001314417808316648,0.001330929109826684
med_106467,0.0015713387401774526,0.0017161954892799258,0.001860263873822987,0.0018944400362670422,0.0016679834807291627,0.0019144294783473015,0.0023747840896248817,0.0022067101672291756,0.0022209128364920616,0.0018890606006607413
med_10689,0.0015264434041455388,0.0018516845302656293,0.002076573669910431,0.001453872537240386,0.0015363006386905909,0.0024486887268722057,0.001424870453774929,0.0023418148048222065,0.0014957168605178595,0.002232526196166873
med_10759,0.0017958157695829868,0.0016258694231510162,0.0021198356989771128,0.0018944400362670422,0.0023263979237526655,0.002226080745458603,0.0019861829932779074,0.0017563612200319767,0.0011784435482695699,0.0014597286935895681
med_11170,0.0016162341926246881,0.0017161954892799258,0.0012113346019759774,0.0013217023806646466,0.0015801949193701148,0.0012466051848605275,0.0009067357750609517,0.0015311866300180554,0.0014503920683637261,0.0014597286935895681
med_11253,0.0035018406342715025,0.0042001623660326,0.003417694242671132,0.003965107258409262,0.0035993328783661127,0.004095988813787699,0.003583765123039484,0.004233280662447214,0.003444681176915765,0.0032199895940721035
med_11289,0.003995690029114485,0.00379369524307549,0.004715552553534508,0.003876993665471673,0.004082170315086842,0.0036507723852992058,0.0033678757026791573,0.003602792276069522,0.003716629697009921,0.004894384182989597
med_1191,0.00655472744256258,0.006864781957119703,0.006705602630972862,0.007930214516818523,0.007330348715186119,0.008548149839043617,0.006519861984997988,0.006575095467269421,0.006844037678092718,0.005753048229962587
med_1202,0.0020202926825731993,0.001490380265749991,0.0016872161068022251,0.001674156286753714,0.0017557721585035324,0.0017363430233672261,0.0011658030562102795,0.0018914658576250076,0.0019489643163979053,0.0015885282773524523
med_1223,0.0009428032790310681,0.00036130432272329926,0.0005191434174776077,0.0007489646668545902,0.0006584145594388247,0.0006678242352791131,0.0008635578560642898,0.0005404188414104283,0.0006345465080812573,0.000901597086340189
med_1256,0.00040405854815617204,0.00036130432272329926,0.0004326195048633963,0.00044056744081899524,0.0005267316591925919,0.00022260808327700943,0.000345423148246482,0.0003602792276069522,0.00027194852009415627,0.0004293319652788341
med_1292,0.0012121755862608552,0.0013097281334921718,0.0014709063107147813,0.0013217023806646466,0.001492406241595745,0.0016472997376695275,0.0015544041525572538,0.001306012156419456,0.0014050672762095928,0.0018461274448782206
med_1292422,0.00035916315391659737,0.0004967934219166636,0.0004326195048633963,0.00030839722603559494,0.0003072601102758199,0.0003561729099601507,0.00047495681792497635,0.00022517451725434512,0.0004985722480341792,8.58663916005753e-05
med_1310171,0.001661129528656602,0.0009484238107688725,0.0009950249223038554,0.0013217023806646466,0.0012729347217828035,0.0009794755605980754,0.0009067357750609517,0.0013960819924250245,0.0015863663284108043,0.0011162630980834365
med_1311633,0.0008979078847914934,0.0007677716785110533,0.0012113346019759774,0.0009692484163679183,0.0009656746406108141,0.0005342593649402261,0.0007772020762786269,0.0010358027648180723,0.0010424692882224917,0.0008586639305576682
med_135447,0.0006734309135936201,0.0007226086454465985,0.0008652390097267926,0.000837078143376857,0.0011412518797442317,0.0007568674627691507,0.000690846296492964,0.0010358027648180723,0.0008611702942289412,0.0007298643467947841
med_142153,0.0003142677596770227,4.516304034041241e-05,0.00017304781067650765,0.00044056744081899524,0.00013168291479814798,0.00013356484123505652,0.00030224525835365057,0.00022517451725434512,0.0002266237570438534,0.00021466598263941705
med_161,0.00812606606632471,0.00894228182733059,0.009085009805858135,0.008150497451424599,0.00895443744957447,0.008681714534759521,0.010017271153628826,0.01053816732019186,0.01024339348077774,0.008414906449615955
med_2002,0.0008979078847914934,0.0011290760012343526,0.0009517629514448345,0.000837078143376857,0.0008339917403645813,0.0009349539177492261,0.0009930914966389537,0.0009006980690173805,0.0008611702942289412,0.0006439979188144207
med_20352,0.0015713387401774526,0.0016710323980078101,0.0011680726893246174,0.0018063265597447753,0.0014046176802366972,0.0015137349255383015,0.001338514732196927,0.0012159423204138875,0.0019489643163979053,0.0012879958376288414
med_20610,0.0023794558364897966,0.0037485321518033743,0.0030715984757989645,0.0026874614413827658,0.0030726012773811817,0.0036062507424503565,0.002763385185971856,0.0037829317152500153,0.0030367583967745304,0.0024901253636926413
med_214342,0.00035916315391659737,0.000316141260555014,0.0003893575631082058,0.00013217022933531553,0.0003072601102758199,0.0003116512962151319,0.0005613125977106392,0.0003602792276069522,0.00027194852009415627,0.0003434655664023012
med_235473,0.0038610037881881,0.002348477952182293,0.0031581225339323282,0.003260199213400483,0.0026775524020195007,0.0030719914939254522,0.0034110534470528364,0.0028822338208556175,0.0029461088124662638,0.002790657803416252
med_25480,0.003007991472259164,0.002754945307970047,0.0032446463592350483,0.0030399153474718332,0.002940918318927288,0.00418503163382411,0.0032815197482705116,0.002476919675245881,0.002991433721035719,0.0033058561384677887
med_2598,0.0016162341926246881,0.0013097281334921718,0.001643954194150865,0.001982553629204631,0.0011851461604237556,0.0013801701134070754,0.0018134715501219034,0.0013960819924250245,0.000951819762121886,0.0018461274448782206
med_2599,0.0015264434041455388,0.0013097281334921718,0.0011248107766732574,0.0009692484163679183,0.0012729347217828035,0.001202083658427,0.001338514732196927,0.0017113263020291924,0.0008611702942289412,0.0014597286935895681
med_283742,0.0029182005673646927,0.0026194562669843435,0.0023794074077159166,0.0029958586674183607,0.0031603898387402296,0.002270602388307452,0.0024179620668292046,0.0027020941488444805,0.0030367583967745304,0.002361325779929757
med_28889,0.002065188018605113,0.002122662728652358,0.0023361453786492348,0.0017182130832225084,0.002063032239675522,0.002626775298267603,0.0025906735099852085,0.0022517452016472816,0.0019489643163979053,0.001931993872858584
med_29046,0.0030528868082910776,0.0028452714905142784,0.0031148605048656464,0.003656709799543023,0.003379861358553171,0.0028493832796812057,0.0034542314242571592,0.002792163984850049,0.003535330528393388,0.002661858219653368
med_301542,0.001077489461749792,0.001490380265749991,0.0009950249223038554,0.0012335889041423798,0.0009656746406108141,0.0012466051848605275,0.0009499136358499527,0.0010358027648180723,0.0013597426004707813,0.0014167954213917255
med_32968,0.0029182005673646927,0.0032065757550299168,0.0028985508251935244,0.002951801987364888,0.0031603898387402296,0.0031165131367743015,0.002979274606332183,0.0030173384584486485,0.0029007841367274523,0.0033058561384677887
med_3322,0.0027835143264383078,0.0023936410434544086,0.0022496215533465147,0.002290950855240226,0.0021947151981294155,0.0021815591026097536,0.0023747840896248817,0.0022067101672291756,0.0016316911205649376,0.002232526196166873
med_3407,0.0011223847977817059,0.0013548911083489656,0.0011680726893246174,0.0013217023806646466,0.0013607233995571733,0.0010239972034469247,0.0015112262917682528,0.0014411169104278088,0.0014503920683637261,0.0012021295260637999
med_341248,0.00040405854815617204,0.0007677716785110533,0.00030283365049399436,0.0006167944520711899,0.0005706259398721159,0.00040069452370516956,0.00030224525835365057,0.0003602792276069522,0.0004532475140877068,0.0002575991675257683
med_3443,0.0015264434041455388,0.0016258694231510162,0.0010815487476065755,0.001453872537240386,0.0015801949193701148,0.0016472997376695275,0.0012089810334146023,0.0017113263020291924,0.0014957168605178595,0.0011591962538659573
med_346237,0.0012570710387080908,0.0010839129099622369,0.0013411204563453794,0.000837078143376857,0.0009217803599312901,0.0012911268277093768,0.0009499136358499527,0.0012609772384166718,0.0014050672762095928,0.0012879958376288414
med_35296,0.00035916315391659737,0.0006774455541744828,0.00047588147572241724,0.0003965107025578618,0.00048283732030540705,0.0007123458199203014,0.0006044905167073011,0.0007655933150090277,0.0004532475140877068,0.0005581315490417182
med_35629,0.0007183263078331947,0.0009484238107688725,0.0011248107766732574,0.0007930214051157236,0.0007462031207978725,0.0008013890474103391,0.000734024157281965,0.0009006980690173805,0.0010424692882224917,0.0008586639305576682
med_36387,0.0013468618271872401,0.0011290760012343526,0.0010382868349552155,0.0010573618346825242,0.0007462031207978725,0.0011575620155781507,0.001338514732196927,0.0014861517120152712,0.0012237683404237032,0.000901597086340189
med_3640,0.0012121755862608552,0.0015355433570221066,0.0013843824854120612,0.0012776455841958523,0.001492406241595745,0.0009794755605980754,0.0018566494109109044,0.0009006980690173805,0.0007705207681283355,0.0017173278611153364
med_36567,0.003142677480354905,0.0031162495724856853,0.0026822409126907587,0.002599347848445177,0.0027653409633785486,0.002893904922530055,0.0028065629303455353,0.003422652604058385,0.003535330528393388,0.0024471920914947987
med_36676,0.0010325940093025565,0.001264565042220056,0.0013411204563453794,0.0011014186311513186,0.0010973575990647078,0.0012911268277093768,0.0012953367549926043,0.0009457329288125038,0.0012237683404237032,0.001330929109826684
med_3683,0.0027835143264383078,0.00379369524307549,0.0026389791164547205,0.0034804828464984894,0.00285312975756824,0.0032055561896413565,0.0031088083051145077,0.0036478270776569843,0.0031727326568216085,0.003692254889756441
med_3827,0.0013019663747400045,0.0008129347115755081,0.0009085009805858135,0.0010133051546290517,0.0012729347217828035,0.0010239972034469247,0.0011658030562102795,0.0014861517120152712,0.0008158455602824688,0.0009445303003303707
med_38404,0.0015713387401774526,0.002258152002468705,0.0013411204563453794,0.0014098158571869135,0.0013168291188776493,0.0023151240311563015,0.0018566494109109044,0.0017563612200319767,0.0016316911205649376,0.0017173278611153364
med_408081,0.0011223847977817059,0.001490380265749991,0.0009085009805858135,0.0012776455841958523,0.0014046176802366972,0.0010239972034469247,0.0012521588942036033,0.0011709074024111032,0.0011331187561154366,0.0015885282773524523
med_4099,0.0018856065580621362,0.0023936410434544086,0.0028552887961268425,0.0018503832397982478,0.0021069266367703676,0.0018253861926496029,0.002115716692060232,0.0028371987864375114,0.0018129900563508272,0.0024042590521275997
med_4100,0.0017060249811038375,0.0015807063318789005,0.0016872161068022251,0.001762269763275981,0.0011412518797442317,0.0018699078354984522,0.0016839378513395786,0.0016662913840264082,0.0014957168605178595,0.0021466598846018314
med_4293,0.00040405854815617204,0.000316141260555014,0.0005624053883366287,0.0005727377138100564,0.0007900974596850574,0.00040069452370516956,0.0004317789280321449,0.000495383923407644,0.0004079227801412344,0.0002575991675257683
med_433,0.0015264434041455388,0.001445217290893197,0.0008652390097267926,0.0009251916198991239,0.0015801949193701148,0.0014692132826894522,0.0011226251954212785,0.0009006980690173805,0.0008611702942289412,0.0007727975025773048
med_435,0.0035916315391659737,0.003613043110817671,0.0030715984757989645,0.003965107258409262,0.0035993328783661127,0.0030719914939254522,0.003540587145835161,0.003107408294454217,0.003127407981082797,0.0035205220337957144
med_4352,0.0006734309135936201,0.0005871194880455732,0.0006056673009879887,0.0004846242081839591,0.00048283732030540705,0.0005787810077890754,0.0005613125977106392,0.00045034903450869024,0.0007251960341818631,0.0005581315490417182
med_4462,0.000134686182718724,0.0002709782274905592,8.652390533825383e-05,0.00030839722603559494,0.0003072601102758199,0.00022260808327700943,0.00012953368423040956,0.00022517451725434512,0.00027194852009415627,0.00012879958376288414
med_4511,0.002289665164425969,0.0016258694231510162,0.001946787815541029,0.0015419861301779747,0.0018874550005421042,0.0016472997376695275,0.002115716692060232,0.0017563612200319767,0.0017223405884578824,0.0016743945889174938
med_4603,0.004803807009011507,0.00510342326015234,0.0043694572523236275,0.004758128430694342,0.005135633517056704,0.004407640080899,0.005051813554018736,0.00427831569686532,0.004532475024461746,0.004293319769203663
med_46041,0.0006285355193540454,0.00040646735578775406,0.0005624053883366287,0.0007489646668545902,0.0006584145594388247,0.0008013890474103391,0.0008635578560642898,0.0007205584552139044,0.0005438970401883125,0.0006439979188144207
med_4850,0.0012121755862608552,0.0015355433570221066,0.0007354531553573906,0.0011014186311513186,0.0008778860792517662,0.0007568674627691507,0.0006476683774963021,0.000810628233011812,0.0012237683404237032,0.0008586639305576682
med_4917,0.002828409895300865,0.002529130084440112,0.0033311701845377684,0.0026874614413827658,0.0031603898387402296,0.002404167316854,0.0023747840896248817,0.002161675365641713,0.0029007841367274523,0.0029194573871791363
med_5489,0.0025590374134480953,0.0023936410434544086,0.0028120267670601606,0.003656709799543023,0.0026775524020195007,0.0028493832796812057,0.002763385185971856,0.0023868498392403126,0.0024475366808474064,0.0027477245312184095
med_5492,0.0014366526156663895,0.0014000541996210814,0.0016006921650841832,0.001453872537240386,0.002063032239675522,0.0014246916398406029,0.0018566494109109044,0.0023418148048222065,0.0017223405884578824,0.0010733299423009157
med_5640,0.004938493482768536,0.005690542981028557,0.005277958232909441,0.005330866202712059,0.004872267600148916,0.004274074919521809,0.005051813554018736,0.004908804316073656,0.00426052650436759,0.0049802507273852825
med_5856,0.000538744730874896,0.00040646735578775406,0.00030283365049399436,0.00044056744081899524,0.00048283732030540705,0.0003116512962151319,0.00038860103813931346,0.00045034903450869024,0.0004532475140877068,0.0004293319652788341
med_605420,0.0008530124905519187,0.000632282521110028,0.0005191434174776077,0.0003965107025578618,0.0005706259398721159,0.0003116512962151319,8.63557870616205e-05,0.000495383923407644,0.0007251960341818631,0.0003863987512886524
med_6057,0.0005836401251144707,0.0005419564549811184,0.0004326195048633963,0.0007049079285934567,0.00048283732030540705,0.0008013890474103391,0.000734024157281965,0.00045034903450869024,0.0005438970401883125,0.0004293319652788341
med_62356,0.00017958157695829868,0.0004967934219166636,0.0003893575631082058,0.00044056744081899524,0.00013168291479814798,0.0005787810077890754,0.0006044905167073011,0.000405314116505906,0.0002266237570438534,0.00047226515016518533
med_6470,0.0029182005673646927,0.001490380265749991,0.001860263873822987,0.0020266103092581034,0.0018435607198625803,0.0020479944068938494,0.0022884283680468798,0.0020265704952180386,0.0019489643163979053,0.0016743945889174938
med_6579,0.0011672802502289414,0.0007226086454465985,0.0012113346019759774,0.0011895321076735854,0.0012729347217828035,0.0008904323331080377,0.0009499136358499527,0.000990767846815288,0.0008611702942289412,0.0007298643467947841
med_662411,0.00040405854815617204,0.00018065216136164963,0.0003460956213530153,0.00035245396429672837,0.0005706259398721159,0.00044521616655401886,0.000345423148246482,0.00031524430960416794,0.00018129900854546577,0.0005151983350515366
med_67108,0.0018407111056149006,0.0016258694231510162,0.001817001961171627,0.0018063265597447753,0.0023702923208475113,0.0018699078354984522,0.0017702935729175806,0.002296780003234744,0.0017223405884578824,0.001803194172680378
med_6754,0.0017958157695829868,0.001490380265749991,0.001817001961171627,0.0012776455841958523,0.0014046176802366972,0.0013801701134070754,0.0011658030562102795,0.0014411169104278088,0.0012690930161625147,0.0018890606006607413
med_6809,0.0026488283183425665,0.0018516845302656293,0.0025091932620853186,0.002202837262302637,0.0022825037594884634,0.0025377320125699043,0.002331606112420559,0.002476919675245881,0.002039613900706172,0.0030482569709420204
med_6835,0.0020202926825731993,0.0021678258199244738,0.0015141683397814631,0.001762269763275981,0.0015801949193701148,0.0019144294783473015,0.0015112262917682528,0.0018914658576250076,0.0015863663284108043,0.001803194172680378
med_6902,0.002065188018605113,0.0019420107128098607,0.0016006921650841832,0.002202837262302637,0.0019313492812216282,0.002226080745458603,0.0018134715501219034,0.0016662913840264082,0.001767665264196694,0.002833590842783451
med_6918,0.00354673620313406,0.0037485321518033743,0.003936837427318096,0.004009163938462734,0.00399438152089715,0.004140510223805904,0.004490500781685114,0.004323350731283426,0.004169877152889967,0.004379185847938061
med_7052,0.002603932749480009,0.0023936410434544086,0.0017304780194535851,0.0022468939423561096,0.002589763840660453,0.0026712969411164522,0.0024611398112028837,0.002431884640827775,0.0019489643163979053,0.002103726612403989
med_7417,0.0009876986732706428,0.0009935868438333273,0.0009950249223038554,0.0011014186311513186,0.0010534633183851838,0.0009794755605980754,0.000690846296492964,0.0008556631510145962,0.0008158455602824688,0.0008586639305576682
med_7804,0.002065188018605113,0.001264565042220056,0.0022496215533465147,0.001762269763275981,0.0013607233995571733,0.0012466051848605275,0.00146804831456393,0.0018464309396222234,0.001903639524243772,0.0013738622656092048
med_82003,0.002289665164425969,0.0019420107128098607,0.002076573669910431,0.0021587805822491646,0.002589763840660453,0.0017808646662160754,0.002072538947686553,0.002431884640827775,0.0023115624208003283,0.002103726612403989
med_82122,0.0019753973465412855,0.0022129889111965895,0.0024659312330186367,0.0029958586674183607,0.0021947151981294155,0.002359645674005151,0.0025474957656115294,0.0027020941488444805,0.0023568870965391397,0.0024042590521275997
med_83367,0.0027835143264383078,0.00248396722599864,0.002422669203951955,0.0027315181214362383,0.002589763840660453,0.002493210369721055,0.0018134715501219034,0.0023868498392403126,0.0025381860323250294,0.002704791259020567
med_836,0.0005836401251144707,0.0004967934219166636,0.0004326195048633963,0.0006167944520711899,0.0006584145594388247,0.0007123458199203014,0.0005613125977106392,0.0009006980690173805,0.0006798713002353907,0.0007298643467947841
med_854930,0.002289665164425969,0.0034323909785598516,0.0023794074077159166,0.0028636883944272995,0.0026775524020195007,0.0024486887268722057,0.0022884283680468798,0.002161675365641713,0.003082083072513342,0.002361325779929757
med_86009,0.0008979078847914934,0.0012194020673632622,0.0010815487476065755,0.0009692484163679183,0.0008778860792517662,0.0010685187298804522,0.0009067357750609517,0.0009457329288125038,0.0011331187561154366,0.0012021295260637999
med_89905,0.0023794558364897966,0.0020323367789387703,0.003763789776712656,0.002511234488338232,0.002589763840660453,0.002893904922530055,0.0027202072087675333,0.0027020941488444805,0.0033993565011769533,0.0027477245312184095
med_923,0.00022447697119787335,0.0002709782274905592,0.0004326195048633963,0.00026434045867063105,0.00026336582959629595,0.00040069452370516956,0.000172711574123241,0.00045034903450869024,0.0004079227801412344,0.0004293319652788341
"missing_('BNP', 'MAX_VALUE')_True",0.00035916315391659737,0.00045163038885220885,0.0003460956213530153,0.0007489646668545902,0.0005267316591925919,0.00044521616655401886,0.0002590673684608191,0.000495383923407644,0.0007705207681283355,0.0005581315490417182
"missing_('CPK', 'MAX_VALUE')_True",0.0008530124905519187,0.0009935868438333273,0.0006056673009879887,0.001145475427620113,0.0007023088401183486,0.0007568674627691507,0.0009499136358499527,0.000990767846815288,0.0004079227801412344,0.0006010647630318999
"missing_('Chol', 'MAX_VALUE')_True",0.0008979078847914934,0.000632282521110028,0.0005624053883366287,0.0005286809173412621,0.0009656746406108141,0.0008459106902591884,0.0006476683774963021,0.0005854537012055516,0.0008158455602824688,0.0007727975025773048
"missing_('EOSIA', 'MAX_VALUE')_True",0.0004938493366353214,0.00036130432272329926,0.00012978585436940193,0.00035245396429672837,0.0003511544200591743,0.0003561729099601507,0.00038860103813931346,0.00022517451725434512,0.0004079227801412344,0.0005151983350515366
"missing_('EOSIM', 'MAX_VALUE')_True",0.0,4.516304034041241e-05,4.326195266912691e-05,4.4056745537091047e-05,0.0,0.0,4.317789353081025e-05,0.0,4.532475213636644e-05,8.58663916005753e-05
"missing_('LYMPA', 'MAX_VALUE')_True",0.00035916315391659737,0.00040646735578775406,0.0003893575631082058,0.00035245396429672837,0.00026336582959629595,0.0003561729099601507,0.000345423148246482,0.0005404188414104283,0.0004532475140877068,0.0004293319652788341
"missing_('LYMPAB', 'MAX_VALUE')_True",0.000269372365437448,0.00036130432272329926,0.0003460956213530153,0.00013217022933531553,0.00021947151981294155,0.00017808645498007536,0.00030224525835365057,0.00022517451725434512,0.00027194852009415627,0.00012879958376288414
"missing_('Lipase', 'MAX_VALUE')_True",0.0003142677596770227,0.00036130432272329926,0.0003460956213530153,0.00026434045867063105,0.0003072601102758199,0.0003561729099601507,0.0002590673684608191,0.00013510471035260707,0.00027194852009415627,0.0003863987512886524
"missing_('Luc%', 'MAX_VALUE')_True",0.0007183263078331947,0.0008129347115755081,0.0005624053883366287,0.000837078143376857,0.0007023088401183486,0.0007568674627691507,0.0007772020762786269,0.0005854537012055516,0.0005892217741347849,0.00047226515016518533
"missing_('RBC', 'MAX_VALUE')_True",0.0009428032790310681,0.0009935868438333273,0.0012113346019759774,0.0010573618346825242,0.0013607233995571733,0.0008904323331080377,0.0007772020762786269,0.0007205584552139044,0.0010424692882224917,0.0008157307165674865
"missing_('TSH', 'MAX_VALUE')_True",0.00035916315391659737,0.0004967934219166636,0.0006489292718470097,0.001145475427620113,0.0006145202205516398,0.0006233025924302638,0.0006044905167073011,0.0005404188414104283,0.0006798713002353907,0.0007727975025773048
"missing_('TstPBy', 'MAX_VALUE')_True",0.002065188018605113,0.0011742389760911465,0.0012545966310426593,0.0013657590607181191,0.0013607233995571733,0.0013356484705582261,0.0015544041525572538,0.0012159423204138875,0.001677015796303749,0.001330929109826684
"missing_('UpH', 'MAX_VALUE')_True",0.0005836401251144707,0.0006774455541744828,0.0005624053883366287,0.0008811348816379905,0.0008778860792517662,0.0007568674627691507,0.0008203799370676279,0.0007655933150090277,0.0009971444960683584,0.0009445303003303707
"missing_('pO2-V', 'MAX_VALUE')_True",4.489539423957467e-05,0.0,0.0,0.0,0.0,4.452161374501884e-05,8.63557870616205e-05,0.00022517451725434512,0.00013597426004707813,4.293319580028765e-05
missing_BMI_True,0.0008081170963123441,0.0007226086454465985,0.0010815487476065755,0.0009692484163679183,0.0007900974596850574,0.0009349539177492261,0.0009067357750609517,0.0003602792276069522,0.0012690930161625147,0.0011162630980834365
missing_bp_True,0.0014366526156663895,0.0018065215554088354,0.0016006921650841832,0.0018503832397982478,0.0021508208010345697,0.0012911268277093768,0.0015975820133462548,0.0013510470744222403,0.0017223405884578824,0.0012450626818463206
